<?xml version="1.0" encoding="UTF-8"?>
<beans xmlns="http://www.springframework.org/schema/beans"
	xmlns:xsi="http://www.w3.org/2001/XMLSchema-instance"
	xsi:schemaLocation="http://www.springframework.org/schema/beans http://www.springframework.org/schema/beans/spring-beans.xsd">
	
	<!-- Root Context: defines shared resources visible to all other web components -->
	
	<bean id="dataSourceSpied" class="org.apache.commons.dbcp2.BasicDataSource" destroy-method="close">
        <property name="driverClassName" value="com.mysql.jdbc.Driver"/>
        <property name="url" value="jdbc:mysql://localhost:3306/rollerslab?serverTimezone=UTC&amp;useSSL=false"/>
        <property name="username" value="rollerslab"/>
        <property name="password" value="mapoMAPO1!"/>
    </bean>
    
    <bean id="dataSource" class="net.sf.log4jdbc.Log4jdbcProxyDataSource">
        <constructor-arg ref="dataSourceSpied" />
        <property name="logFormatter">
            <bean class="net.sf.log4jdbc.tools.Log4JdbcCustomFormatter">
                <property name="loggingType" value="MULTI_LINE" />
                <property name="sqlPrefix" value="SQL :   "/>
            </bean>
        </property>
    </bean>

	<bean id="sqlSessionFactory" class="org.mybatis.spring.SqlSessionFactoryBean">
	        <property name="dataSource" ref="dataSource"/>
	        <property name="configLocation" value="/WEB-INF/spring/mybatis/mybatis-config.xml"/>
	</bean>
	
	<bean id="sqlSessionTemplate" class="org.mybatis.spring.SqlSessionTemplate">
	        <constructor-arg index="0" ref="sqlSessionFactory"/>
	</bean>
	
	<bean id="transactionManager" class="org.springframework.jdbc.datasource.DataSourceTransactionManager">
	        <property name="dataSource" ref="dataSource"/>
	</bean>	
		
</beans>
