<?xml version="1.0" encoding="UTF-8"?>
<!DOCTYPE configuration PUBLIC "-//mybatis.org//DTD Config 3.0//EN" "http://mybatis.org/dtd/mybatis-3-config.dtd">
<configuration>

	<!-- log 4J 설정 -->
	<settings>
		<setting name="logImpl" value="LOG4J"/>
 	</settings>
 	
 	<!-- typeAlias -->
    <typeAliases>
       <!--  <typeAlias alias="mainVo" type="com.rollerslab.rollingpotato.user.model.Main"/> -->
        <typeAlias alias="faqVo" type="com.rollerslab.rollingpotato.user.model.Faq"/>
        <typeAlias alias="faqCodeVo" type="com.rollerslab.rollingpotato.user.model.FaqCode"/>
    </typeAliases>
	
<!--     <typeHandlers>
        <typeHandler handler="org.apache.ibatis.type.SqlDateTypeHandler" javaType="java.sql.Date" jdbcType="DATE"/>
    </typeHandlers>
 --> 
   <mappers>
        <!-- <mapper resource="com/rollerslab/rollingpotato/user/mapper/main_sql.xml"/> -->
        <mapper resource="com/rollerslab/rollingpotato/user/mapper/faq_sql.xml"/>
       <!--  <package name="spring.sample.mapper"/>
        <mapper class="spring.sample.mapper.MemberMapper"/>
        <mapper url="file://mappers/MemberMapper.xml"/> -->
    </mappers>
</configuration>